天数,pm2.5预测值
第0天,7.249089768260515
第1天,17.679768702689696
第2天,24.71103166771152
第3天,6.3690988369700605
第4天,28.37337148373311
第5天,21.59201636247953
第6天,22.830842636600664
第7天,31.135374457500454
第8天,18.11812069728249
第9天,57.18105107311826
第10天,14.35679575689403
第11天,9.604122812579146
第12天,60.850885289488346
第13天,51.315642987388664
第14天,20.84716298539006
第15天,11.918588326918645
第16天,31.917031207506483
第17天,67.455594135257
第18天,-0.6321568371740547
第19天,16.727993788780754
第20天,42.21696344117322
第21天,71.65542095380837
第22天,9.88201839855455
第23天,18.42548230666614
第24天,15.148573673067979
第25天,38.25844014988789
第26天,14.104449231390834
第27天,75.10179199559501
第28天,7.795149166600199
第29天,54.888967917592346
第30天,22.2796468978286
第31天,8.70958678911193
第32天,4.4155164135662375
第33天,22.802323251380177
第34天,31.204281266013645
第35天,37.03581690327214
第36天,43.0401903491443
第37天,30.258628800102656
第38天,42.474788352053196
第39天,35.98531580389156
第40天,6.452156542831192
第41天,40.684841960436756
第42天,32.61868857394368
第43天,50.10544782262443
第44天,16.35042012194479
第45天,35.91428175791195
第46天,23.958308967726357
第47天,10.291565262967438
第48天,21.92984991487778
第49天,32.88668975358345
第50天,21.68613495116809
第51天,9.414917582566138
第52天,24.276472360856957
第53天,53.78605046425966
第54天,15.583584002991923
第55天,34.68521305273914
第56天,31.363418801871283
第57天,23.29239351528519
第58天,59.524147247081736
第59天,20.709979898917688
第60天,15.552250189983802
第61天,39.303544411487515
第62天,12.469544981706626
第63天,50.7759479247503
第64天,16.56036990843866
第65天,17.311514746503086
第66天,15.234101143126392
第67天,0.1690365479689504
第68天,44.15736737369018
第69天,31.76969841280431
第70天,19.84385942562005
第71天,37.92159456346095
第72天,58.896301741037774
第73天,5.474211667878963
第74天,16.394036892305827
第75天,6.146693827823373
第76天,38.74316560719933
第77天,16.162876417092498
第78天,24.41258898355538
第79天,22.983961799753715
第80天,25.047904046566998
第81天,39.64554969571749
第82天,23.685780678726864
第83天,87.10789786785799
第84天,35.986814443376474
第85天,27.227340583457533
第86天,24.72570079612899
第87天,29.61960986020023
第88天,24.669291700913064
第89天,21.19703362596526
第90天,29.398694542481284
第91天,39.30464713392587
第92天,4.027058381737659
第93天,39.05230077308611
第94天,45.171980288512046
第95天,16.177621070202292
第96天,34.935327145426186
第97天,10.907522800752293
第98天,24.68764281293218
第99天,5.630159286882636
第100天,16.852283284145575
第101天,29.275742309753873
第102天,11.984426097104231
第103天,16.969641247629188
第104天,24.660641311985344
第105天,37.79699364797054
第106天,28.92448902907966
第107天,7.23214594462295
第108天,10.726639118581161
第109天,76.88854056597009
第110天,45.177630893675186
第111天,15.039607936703272
第112天,29.652541492584156
第113天,15.574984685071867
第114天,14.665196951188708
第115天,25.396300879080098
第116天,24.009180754726863
第117天,10.474824007164816
第118天,17.44211334786025
第119天,19.211694714443205
第120天,81.55289561379078
第121天,24.303419836150784
第122天,32.903375110849254
第123天,24.860615467542743
第124天,8.151539325130308
第125天,41.4339316925761
第126天,11.839644984929098
第127天,19.87651637687165
第128天,30.216311815568353
第129天,61.86888935133353
第130天,22.681184362288544
第131天,23.179067740367216
第132天,59.12626809637618
第133天,14.680520940925748
第134天,14.245941082019844
第135天,2.8242053389145614
第136天,11.848751684821822
第137天,58.15742180998747
第138天,18.75440766074949
第139天,5.4024847023515985
第140天,27.966288562834137
第141天,24.99888073160467
第142天,43.72924165998404
第143天,29.532202401791764
第144天,17.277978273880553
第145天,26.325321351841342
第146天,10.92812483053978
第147天,51.45305116903063
第148天,21.81470227727493
第149天,38.00021677913897
第150天,9.824271304206441
第151天,7.807532602757663
第152天,25.07954692615471
第153天,6.495457540524528
第154天,14.560162141493711
第155天,41.21735046090553
第156天,9.557434781120264
第157天,36.333807018677184
第158天,11.303738161554033
第159天,19.830568715286915
第160天,41.07495567104618
第161天,18.485341860860757
第162天,11.936118647731496
第163天,7.997691620600368
第164天,53.20288080288362
第165天,30.94345563898955
第166天,-0.9664713230690438
第167天,15.29501297825625
第168天,62.67974336597949
第169天,13.184185457340607
第170天,64.14478706461281
第171天,41.18376798223703
第172天,26.292782763842716
第173天,21.07867743458557
第174天,64.40374067043287
第175天,23.362162948294557
第176天,21.21477890094525
第177天,36.699461816327435
第178天,11.541268133475644
第179天,29.901165809564446
第180天,16.59973291852606
第181天,11.7924288717014
第182天,53.961318244419445
第183天,43.0957188599555
第184天,17.78303563262834
第185天,34.363076008409635
第186天,26.478174151097097
第187天,68.98986155372322
第188天,9.636231779110775
第189天,56.09648929814406
第190天,37.436214637101614
第191天,15.532077048804446
第192天,29.231634795162847
第193天,-0.8288172837412962
第194天,20.49849047828822
第195天,1.7353499654075186
第196天,34.59995434762046
第197天,10.290961668600467
第198天,20.77290406589775
第199天,61.47360925834754
第200天,24.207079232852948
第201天,23.079364039429063
第202天,63.59680631211629
第203天,11.374392898513612
第204天,9.435485831166636
第205天,12.589331526013652
第206天,9.478564492779467
第207天,2.126218082102323
第208天,121.84570079356183
第209天,18.781092084178244
第210天,14.257054611156152
第211天,14.675692487274134
第212天,35.95417333375316
第213天,35.46085894983879
第214天,21.127134973631176
第215天,33.136184861566804
第216天,76.91005991202854
第217天,1.7407777967299705
第218天,13.439104997715372
第219天,33.73067151356288
第220天,17.00623322385915
第221天,12.2811519694641
第222天,114.6856888796177
第223天,13.664252824731216
第224天,20.244081976246513
第225天,61.05747692666826
第226天,15.604221390764593
第227天,19.404158728343077
第228天,9.736899194445094
第229天,6.007425405549219
第230天,43.372590945055165
第231天,14.897616425099987
第232天,50.71270177637196
第233天,43.083696798028754
第234天,23.843116566759203
第235天,41.751048851237584
第236天,68.59738762472477
第237天,38.244982865276285
第238天,15.570509068093585
第239天,15.374981606400105
